powerstats.combat,powerstats.durability,powerstats.intelligence,powerstats.power,powerstats.speed,powerstats.strength,character.alignment,basic_info.gender,basic_info.species,basic_info.race,power_attributes.power_type,power_attributes.power_source,power_attributes.combat_style
96,94,80,91,80,97,17,7,20,21,21,21,20
65,60,68,77,79,65,0,7,0,1,21,21,20
100,88,100,40,33,32,8,5,2,0,2,3,2
89,90,65,88,82,85,14,11,17,16,21,21,20
82,98,50,85,83,88,14,9,20,21,21,21,20
70,60,75,78,72,65,10,9,20,11,3,1,0
70,75,60,68,68,80,6,11,0,1,21,1,13
50,90,50,38,50,9,24,6,0,1,2,3,2
80,100,88,100,90,80,27,9,14,12,21,21,20
50,85,80,100,100,80,11,2,6,21,21,21,16
85,90,97,82,80,95,19,12,20,21,21,21,20
50,99,99,100,100,99,9,1,14,13,2,3,2
62,85,87,94,89,66,23,6,20,0,21,15,20
50,70,65,65,17,10,8,6,1,0,2,3,2
56,60,63,34,23,28,4,5,1,1,2,3,2
70,65,76,75,70,65,16,6,0,1,3,1,0
70,15,63,8,22,14,21,11,0,5,19,21,20
50,55,84,99,42,38,32,4,20,21,21,1,0
50,28,50,55,32,6,8,12,11,21,2,3,2
65,60,90,70,70,55,13,4,20,20,21,0,19
34,65,50,60,50,14,21,0,2,0,2,3,2
55,45,43,91,84,60,9,6,0,1,2,3,2
45,55,90,50,50,43,10,7,0,21,19,21,20
55,90,100,70,42,98,15,11,20,21,13,21,0
55,39,94,65,44,18,9,11,2,0,2,3,2
46,90,90,100,70,80,11,0,20,0,21,21,20
85,100,70,100,32,71,15,5,15,12,16,21,20
55,77,13,100,72,85,14,0,20,21,2,3,2
55,95,97,100,75,80,23,7,20,21,21,21,12
50,90,90,100,12,28,27,4,20,21,21,21,20
32,41,60,100,25,9,12,5,15,12,21,21,20
78,27,63,46,35,9,8,1,20,17,2,3,2
50,50,37,50,60,39,27,4,20,10,3,9,12
50,55,50,55,86,37,7,5,15,12,2,3,2
70,70,0,56,33,92,13,3,3,2,2,18,2
43,40,50,35,40,40,8,1,11,8,2,3,2
55,80,87,85,28,7,8,6,1,1,2,3,2
60,68,50,81,60,68,10,7,20,21,21,21,13
78,77,78,75,72,75,16,1,20,21,0,1,1
50,55,81,19,23,10,11,3,0,0,2,3,2
50,50,63,27,23,32,8,6,0,1,2,3,2
50,55,50,80,65,50,3,6,0,1,21,1,20
40,29,50,2,11,36,11,4,7,21,21,21,18
70,65,63,100,25,65,21,1,0,1,2,3,2
60,67,50,55,47,72,32,7,20,21,21,21,20
15,11,94,3,10,9,24,0,20,21,2,3,2
60,75,90,80,70,75,2,6,20,21,21,21,16
65,75,44,80,42,19,11,3,20,21,21,21,14
45,85,88,32,32,76,9,6,1,1,2,3,2
84,100,75,61,53,95,16,1,0,15,21,21,14
70,70,100,85,65,65,23,6,20,1,21,21,20
40,55,87,65,65,45,23,8,20,1,21,21,20
31,59,50,72,55,35,21,0,20,15,0,1,0
80,80,78,80,82,82,32,6,20,21,21,21,20
65,67,51,60,50,63,1,4,16,16,21,17,20
50,55,88,65,42,32,28,0,0,1,3,1,0
55,40,50,72,74,40,16,0,20,21,21,21,7
80,85,78,90,80,85,4,10,20,21,21,21,1
50,98,50,80,60,42,27,6,20,11,21,21,20
29,27,19,7,30,11,11,12,0,1,2,3,2
