ts,label,before,after,delta,running_total
2026-10-04T21:51:25,credits.selftest,950000,950000,0,950000
2026-10-04T21:54:59,axis1.fit,950000,950000,0,950000
2026-10-04T21:55:05,axis1.predict_proba.test,950000,960000,10000,960000
2026-10-04T21:55:11,axis1.predict_proba.train,960000,970000,10000,970000
2026-10-04T21:57:08,axis1_plausibility.fit,970000,970000,0,970000
2026-10-04T21:57:13,axis1_plausibility.predict_proba.famous,970000,980000,10000,980000
2026-10-04T22:00:01,axis1_tvs.fit.stats,980000,980000,0,980000
2026-10-04T22:00:04,axis1_tvs.predict_proba.stats,980000,990000,10000,990000
2026-10-04T22:00:09,axis1_tvs.fit.text,990000,990000,0,990000
2026-10-04T22:00:16,axis1_tvs.predict_proba.text,990000,1000000,10000,1000000
2026-10-04T22:01:04,axis1.fit,1000000,1000000,0,1000000
2026-10-04T22:01:08,axis1.predict_proba.test,1000000,1010000,10000,1010000
2026-10-04T22:01:13,axis1.predict_proba.train,1010000,1020000,10000,1020000
2026-10-04T22:01:50,axis1_plausibility.fit,1020000,1020000,0,1020000
2026-10-04T22:01:53,axis1_plausibility.predict_proba.famous,1020000,1030000,10000,1030000
2026-10-04T22:02:28,axis1_tvs.fit.stats,1030000,1030000,0,1030000
2026-10-04T22:02:31,axis1_tvs.predict_proba.stats,1030000,1040000,10000,1040000
2026-10-04T22:02:36,axis1_tvs.fit.text,1040000,1040000,0,1040000
2026-10-04T22:02:41,axis1_tvs.predict_proba.text,1040000,1050000,10000,1050000
