character,true_publisher,anime,dark_horse,dc,idw_publishing,image_comics,marvel,nbc_heroes,star_trek,star_wars,the_boys,argmax_universe,row_sum
Batman,dc,3.9974933315534145e-05,3.9974933315534145e-05,0.9993225336074829,3.9974933315534145e-05,3.9974933315534145e-05,0.0003576905291993171,3.9974933315534145e-05,3.9974933315534145e-05,3.9974933315534145e-05,3.9974933315534145e-05,dc,1.0000000236032065
Superman,dc,3.997800013166852e-05,4.092381277587265e-05,0.9995212554931641,3.997800013166852e-05,3.997800013166852e-05,0.0001563450350658968,4.164616984780878e-05,3.997800013166852e-05,3.997800013166852e-05,3.997800013166852e-05,dc,1.0000000385116437
Wonder Woman,dc,3.997877865913324e-05,4.923548112856224e-05,0.9994796514511108,4.025431189802475e-05,4.0902250475483015e-05,0.000188479243661277,4.153512782067992e-05,3.997877865913324e-05,3.997877865913324e-05,3.997877865913324e-05,dc,0.9999999729807314
Spider-Man,marvel,4.1215338569600135e-05,5.8524452470010146e-05,0.0013693898217752576,4.787322905031033e-05,5.400208101491444e-05,0.9982690811157227,3.9979171560844406e-05,3.9979171560844406e-05,3.9979171560844406e-05,3.999406544608064e-05,marvel,1.0000000176187314
Deadpool,marvel,3.9980601286515594e-05,3.9980601286515594e-05,0.0005822066450491548,3.9980601286515594e-05,3.9980601286515594e-05,0.9990979433059692,3.9980601286515594e-05,3.9980601286515594e-05,3.9980601286515594e-05,3.9980601286515594e-05,marvel,0.9999999947613105
Iron Man,marvel,3.998079409939237e-05,3.998079409939237e-05,0.00015000881103333086,3.998079409939237e-05,3.998079409939237e-05,0.9995300769805908,3.998079409939237e-05,3.998079409939237e-05,3.998079409939237e-05,3.998079409939237e-05,marvel,0.9999999321444193
Captain America,marvel,3.9979724533623084e-05,4.087362685822882e-05,0.00017072510672733188,4.022545908810571e-05,4.496998735703528e-05,0.9995033740997314,3.9979724533623084e-05,3.9979724533623084e-05,3.9979724533623084e-05,3.9979724533623084e-05,marvel,1.0000000669024303
Thor,marvel,0.0021811951883137226,0.00212634215131402,0.04780161380767822,0.0019557413179427385,0.0040051876567304134,0.9405636787414551,0.0008748581167310476,5.610234074993059e-05,5.036522270529531e-05,0.00038493997999466956,marvel,1.0000000245236151
Hulk,marvel,3.998207102995366e-05,4.1352774132974446e-05,0.00022698068642057478,3.998207102995366e-05,5.186304042581469e-05,0.9994399547576904,3.998207102995366e-05,3.998207102995366e-05,3.998207102995366e-05,3.998207102995366e-05,marvel,1.0000000436848495
Wolverine,marvel,4.0600745705887675e-05,4.604458808898926e-05,0.008190933614969254,4.46079793618992e-05,5.863348633283749e-05,0.9914592504501343,3.998255851911381e-05,3.998255851911381e-05,3.998255851911381e-05,3.998255851911381e-05,marvel,1.0000000010986696
Goku,anime,0.9996392726898193,3.998027750640176e-05,4.006965536973439e-05,3.998027750640176e-05,4.062079096911475e-05,3.998027750640176e-05,3.998027750640176e-05,3.998027750640176e-05,4.012923818663694e-05,3.998027750640176e-05,anime,0.9999999740393832
Vegeta,anime,0.999624490737915,3.997969179181382e-05,3.997969179181382e-05,3.997969179181382e-05,4.923711094306782e-05,3.997969179181382e-05,3.997969179181382e-05,3.997969179181382e-05,3.997969179181382e-05,4.64516160718631e-05,anime,1.0000000373074727
Saitama,anime,0.9996293187141418,3.9979884604690596e-05,3.9979884604690596e-05,3.9979884604690596e-05,4.558796717901714e-05,3.9979884604690596e-05,3.9979884604690596e-05,3.9979884604690596e-05,3.9979884604690596e-05,4.513357635005377e-05,anime,0.9999998994499038
Ichigo,anime,0.9996401071548462,3.998031388618983e-05,3.998031388618983e-05,3.998031388618983e-05,3.998031388618983e-05,3.998031388618983e-05,3.998031388618983e-05,3.998031388618983e-05,3.998031388618983e-05,3.998031388618983e-05,anime,0.9999999299798219
Light Yagami,anime,0.999485194683075,4.569134034682065e-05,4.875352533417754e-05,4.495384564506821e-05,7.024622755125165e-05,4.1252638766309246e-05,5.0413564167683944e-05,3.997900421381928e-05,6.59229772281833e-05,0.00010761295561678708,anime,1.000000020761945
Homelander,the_boys,0.002793950494378805,0.00018287208513356745,9.284703992307186e-05,0.00015027765766717494,0.002242150716483593,0.00010377478611189872,0.0009459363645873964,4.3003499740734696e-05,4.0359624108532444e-05,0.9934048056602478,the_boys,0.9999999779283826
Starlight,the_boys,0.024991251528263092,0.00028357194969430566,9.205998503603041e-05,0.00019559593056328595,0.005233191419392824,0.00013243433204479516,0.0009761761175468564,8.126693865051493e-05,4.765453559230082e-05,0.9679667949676514,the_boys,0.9999999977044354
Spock,star_trek,4.160393655183725e-05,5.6408229283988476e-05,3.9980222936719656e-05,0.0001594546774867922,4.020368214696646e-05,4.010684642707929e-05,0.00012689214781858027,0.9990886449813843,0.0003656506596598774,4.105998232262209e-05,star_trek,1.0000000053660187
Data,star_trek,3.998043030151166e-05,4.535763218882494e-05,3.998043030151166e-05,8.682831685291603e-05,3.998043030151166e-05,3.998043030151166e-05,8.194715337594971e-05,0.999459981918335,0.00012592130224220455,3.998043030151166e-05,star_trek,0.9999999384745024
Darth Vader,star_wars,4.52083331765607e-05,6.170669803395867e-05,6.186694372445345e-05,9.17096040211618e-05,3.998075408162549e-05,4.086711851414293e-05,5.717958993045613e-05,0.0005202104221098125,0.999040961265564,4.0293525671586394e-05,star_wars,0.9999999842548277
Luke Skywalker,star_wars,4.230160629958846e-05,4.5667580707231537e-05,3.9977945561986417e-05,5.6412445701425895e-05,3.9977945561986417e-05,3.9977945561986417e-05,4.607685696100816e-05,0.00012977125879842788,0.9995198249816895,3.9977945561986417e-05,star_wars,0.9999999665124051
Hellboy,dark_horse,0.000708281178958714,0.9421366453170776,0.0027064066380262375,0.01499925646930933,0.019975926727056503,0.004602206405252218,0.013157126493752003,0.0002903983695432544,0.00026540967519395053,0.0011583063751459122,dark_horse,0.9999999636493158
